country,avg_food_inflation_pct,avg_general_inflation_pct,avg_gdp_per_capita,total_observations
Nicaragua,17860.202585526342,6.2443897833470885,2302.554761881563,1956
Zimbabwe,6471.511015316113,253.93952096015906,1998.6240623397082,12534
Tanzania,5983.972568641921,3.6086570859432214,1159.7804158528668,24448
Lebanon,3912.6774395448874,113.40266603269644,5128.90579778326,14129
Dominican Republic,2156.1047038497027,5.661432785549677,8487.389847322835,413
Sudan,1852.1161856090896,178.03833371912827,805.4549458821612,8728
Syria,1443.3335753760239,,,158088
Zambia,770.5879612101031,13.961251071144497,1225.1211443002878,19170
Kenya,679.5055671313838,6.095630606504055,2036.2385571114482,11906
South Sudan,667.3175966042184,35.76170483603527,,26252
Iran,263.8171973999528,,,902
Yemen,217.73643532485457,,,24401
Turkey,189.9261449363721,,,5883
Mozambique,159.48216075346292,5.696676710458479,556.6595565738515,22358
Ethiopia,149.53776186734225,24.691992460833564,914.0108627465493,20080
Nigeria,146.10205758640845,19.724021021602315,1807.5074296371774,56523
Panama,137.01708962500334,0.6462488580768126,15652.677612151325,439
Malawi,121.46916183340298,18.208309639685954,585.9715765951352,22924
Haiti,95.35818534431317,26.01468709762265,1681.1581859899586,5329
Sierra Leone,82.49882787727977,23.935123465487568,844.7062092072512,10242
Sri Lanka,81.91537155345054,13.755005944827284,3930.6010076369153,1385
Argentina,80.18537869432348,54.10088381105717,10791.318300047868,301
Ghana,79.86232262714572,19.272975801120822,2288.21900000633,17318
Pakistan,78.09307037792803,15.514847564016291,1418.72923861048,6558
Laos,75.60054556462585,,,16272
Myanmar,73.60507712997922,8.82506696804562,1318.2390080293417,15552
Mauritania,69.77525039639708,4.20348540972688,1945.7643032250198,9203
Burundi,68.97181995981299,13.498954576607622,205.16247307038182,56452
Egypt,68.7612424751471,,,1144
Burkina Faso,63.355650323969506,1.6238490392638973,865.2924829636873,20446
Mali,58.62830961990993,2.9320169719215463,1007.371094191711,41287
Colombia,56.02986145313343,6.344488948170645,6605.020649167226,29476
Bangladesh,54.16442670215296,7.47915519006757,2453.7364460405684,8627
Ukraine,52.26752438516269,9.91949871975901,4472.386474609377,54680
Congo DRC,48.372927226499186,,,31950
Rwanda,47.981949804164095,8.675996255347723,903.4093516651836,17975
Lesotho,45.61392128955281,6.15539897452329,997.5749114031796,3271
Madagascar,41.0119844789357,6.731895159014734,489.2585754708058,3411
Philippines,39.70504939022751,3.9540326826678083,3574.9563541081084,109822
Senegal,38.433072218786506,3.8207302378271244,1584.4043541887468,13194
Kyrgyzstan,36.81882767621543,,,32547
Eswatini,36.16464402160761,2.59801620311074,3816.943643191135,2347
Tajikistan,34.6778326803275,,1028.9906379159672,22388
Gambia,33.89282021604938,,,66683
Guatemala,33.71340461704031,4.515151027432627,4815.234675424177,2753
Libya,32.595172870931954,1.8604704147251017,6671.202238070233,35609
Palestine,31.548468915792576,,,9495
BTN,30.671733882449786,,,3849
Ecuador,30.58770678082553,1.214929004942569,6309.694135919414,1453
Chad,27.10033519928768,4.707208644601341,946.3044267693973,12656
